,NOSE_TIP,PH_BULB,NERVE_RING,angle
0,"[371.1013489, 40.44231415]","[381.8175964, 65.65522766]","[394.0936279, 108.2116165]",6.94
1,"[367.9489746, 33.67369843]","[376.1738281, 65.92353821]","[389.1235046, 106.1209412]",-3.55
2,"[371.002594, 29.1723671]","[371.4247131, 66.01345062]","[384.100647, 109.7784348]",-15.5
3,"[370.7839355, 32.25579834]","[367.5740356, 65.65866852]","[379.3683167, 111.6579666]",-19.87
4,"[371.2561951, 33.23152542]","[366.0174561, 67.03505707]","[374.6664734, 109.9447937]",-20.21
5,"[372.8545532, 35.40335846]","[366.349823, 68.90023041]","[372.7753906, 116.298027]",-18.71
6,"[385.963501, 40.52873611]","[368.7883301, 66.98967743]","[366.321167, 107.9533539]",-29.54
7,"[401.1233521, 44.73196411]","[375.3164063, 62.20273972]","[364.5438232, 93.16414642]",-36.72
8,"[405.033905, 45.91400528]","[382.6963196, 66.9637146]","[365.7034302, 94.63010406]",-15.14
9,"[405.8008728, 42.71474838]","[388.6200256, 70.58126068]","[369.0263977, 98.10429382]",3.79
10,"[404.282135, 38.33556366]","[389.0036926, 73.71842957]","[368.8806458, 102.1256332]",11.96
11,"[419.1127014, 44.3177948]","[393.8770447, 66.98638916]","[372.4524231, 98.08352661]",-13.5
12,"[425.3604431, 53.23641205]","[398.1624146, 69.70554352]","[373.2404785, 97.16268158]",-16.57
13,"[428.6958313, 52.72001266]","[402.1013184, 75.32187653]","[376.3743591, 97.89090729]",-0.9
14,"[253.8370514, 403.8037109]","[401.7705994, 80.2305603]","[373.0626831, 107.8241959]",-158.44
15,"[255.0466614, 407.6235657]","[256.180481, 363.7534485]","[266.3099976, 334.8172302]",17.81
16,"[414.8600464, 41.61925888]","[411.0449524, 75.68023682]","[388.9610596, 105.9211273]",29.75
17,"[409.2623291, 40.12130737]","[409.3631287, 73.26069641]","[392.2930603, 104.1692581]",29.09
18,"[411.0397034, 37.76647186]","[406.662384, 73.12602234]","[391.4622498, 110.6642303]",14.99
19,"[418.4810791, 41.00450516]","[403.5646362, 69.05120087]","[391.2724609, 109.4389648]",-11.08
20,"[421.8496704, 40.82727051]","[403.6170349, 69.90444946]","[390.2240295, 109.4701996]",-13.39
21,"[425.7428894, 46.22451019]","[405.1208191, 74.7307663]","[388.0244141, 109.338089]",-9.59
22,"[433.4680176, 53.82730865]","[406.135437, 68.0229187]","[389.4525452, 99.30706024]",-34.48
23,"[441.749115, 62.27483749]","[412.0306702, 70.2341156]","[389.9684143, 93.69506073]",-31.77
24,"[441.9505615, 54.41733551]","[416.9365845, 75.91407776]","[392.1979065, 99.70393372]",-3.2
25,"[417.7061157, 46.11039734]","[419.1912842, 78.39420319]","[393.6610107, 115.137207]",37.43
26,"[408.522522, 43.80321503]","[415.8789063, 74.79901886]","[400.4703674, 110.5099258]",36.69
27,"[406.2597046, 41.96517181]","[408.9614258, 77.11164093]","[399.7819519, 112.5596237]",18.91
28,"[405.8281555, 43.96049118]","[404.6996765, 73.590065]","[400.2966919, 112.6806335]",4.25
29,"[408.8215637, 42.86200714]","[398.1130371, 72.29498291]","[393.3813782, 113.1226273]",-13.38
30,"[416.0591736, 49.03037262]","[397.574585, 76.06628418]","[388.1955261, 113.6831512]",-20.36
31,"[425.9616089, 60.48300934]","[399.297699, 75.83490753]","[385.1905518, 106.9703598]",-35.69
32,"[433.2895508, 67.01262665]","[404.1623535, 77.40351868]","[387.1972351, 102.2005692]",-35.99
33,"[437.6625366, 73.59100342]","[409.6486816, 86.19165039]","[388.655304, 104.5303726]",-16.92
34,"[438.2449341, 75.66491699]","[413.1871033, 95.52902985]","[388.955719, 111.9400101]",4.3
35,"[435.6893616, 71.32309723]","[414.2313843, 101.6069412]","[383.5952454, 123.009079]",19.74
36,"[428.8791199, 69.02867889]","[413.8233948, 101.9939117]","[383.0189819, 129.642334]",23.54
37,"[417.1151428, 67.33985901]","[412.7460632, 101.6887741]","[381.3132629, 135.1950989]",35.92
38,"[400.4679871, 66.37182617]","[406.70047, 94.14453125]","[384.0271301, 140.0435028]",38.94
39,"[377.9088135, 68.50940704]","[398.0404358, 87.73971558]","[395.7427673, 125.3446045]",49.81
40,"[364.0523987, 69.27560425]","[391.6185913, 84.99137878]","[393.9385986, 118.6776657]",56.37
41,"[352.1387634, 67.57558441]","[381.3405762, 83.07201385]","[390.6021423, 116.9283142]",46.75
42,"[342.0371704, 66.70689392]","[372.5839539, 82.34485626]","[386.3791199, 115.2580719]",40.15
43,"[334.5007629, 61.6411705]","[360.4723511, 81.15937805]","[383.3347473, 113.6988831]",17.98
44,"[325.234314, 60.61153412]","[354.0244751, 77.2677536]","[378.3015442, 116.0138092]",27.88
45,"[318.8655396, 68.34905243]","[350.4915161, 80.20446014]","[374.0151062, 112.1338196]",33.07
46,"[309.8345337, 75.06733704]","[346.2229919, 82.48796844]","[371.1838379, 107.6445236]",33.7
47,"[299.536377, 71.2504425]","[332.7434692, 84.10150909]","[363.1482849, 102.7832489]",10.41
48,"[294.6948242, 63.33511353]","[325.0060425, 85.48674774]","[356.4170532, 104.9790726]",-4.34
49,"[285.2790527, 61.80921936]","[318.3577881, 83.46975708]","[347.6127319, 106.9111862]",5.49
50,"[284.6455078, 61.83781433]","[317.8047485, 87.49086761]","[345.3984985, 110.4147949]",1.99
51,"[283.9615784, 55.86678314]","[312.8204651, 86.63031006]","[338.8546448, 110.9158478]",-3.82
52,"[301.0763855, 46.01347351]","[305.5284729, 78.1124649]","[329.2498779, 112.4437561]",-26.75
53,"[316.0322266, 37.26882172]","[306.2807312, 69.72895813]","[319.9092407, 111.0269165]",-34.98
54,"[326.8838196, 34.89910126]","[311.5133972, 66.14253235]","[314.5398865, 104.620903]",-30.69
55,"[337.5339966, 36.26429749]","[318.7307434, 63.43464279]","[313.7258606, 98.20088959]",-26.49
56,"[347.5366211, 37.36706543]","[325.4824219, 60.89539719]","[313.9126892, 95.93444824]",-24.87
57,"[350.9212952, 36.76996231]","[331.0708008, 62.89942932]","[317.2416992, 90.00566864]",-10.19
58,"[358.8900146, 30.66302299]","[340.1070862, 57.99052429]","[323.7519531, 84.6741333]",-3.0
59,"[369.6560059, 39.02436066]","[342.790802, 58.11386871]","[326.7324524, 80.09484863]",-18.45
60,"[382.6717529, 43.57747269]","[354.0270691, 56.09933472]","[331.6965637, 75.48808289]",-17.35
61,"[386.0583801, 35.134552]","[362.582428, 56.81058884]","[333.3230591, 78.55902863]",6.09
62,"[389.1196289, 33.10253143]","[366.7122803, 65.13890076]","[334.056488, 85.938591]",22.54
63,"[386.315033, 22.05375671]","[384.2377014, 53.53190231]","[363.5592041, 87.99123383]",27.19
64,"[378.4890137, 23.45873451]","[384.7789612, 52.82144547]","[375.6813049, 86.1315155]",27.37
65,"[365.6242065, 21.88240814]","[382.9042358, 51.53133011]","[378.0071716, 85.62839508]",38.41
66,"[362.1212158, 18.42681694]","[376.960022, 44.61763]","[382.6152039, 79.83444214]",20.41
67,"[365.2837524, 13.80733776]","[372.1477356, 39.95163345]","[376.0652771, 80.55677032]",9.2
68,"[362.9772339, 10.90532303]","[367.542572, 37.77789307]","[375.7514648, 81.65963745]",-0.95
69,"[369.6149902, 8.90886116]","[363.1835327, 40.56150818]","[369.2824097, 83.727005]",-19.53
70,"[374.6181641, 13.48749256]","[363.5855713, 44.62335205]","[367.6797485, 85.84267426]",-25.18
71,"[381.3969421, 14.99098206]","[365.443634, 42.48040009]","[362.7778931, 85.26699066]",-26.56
72,"[383.2561646, 20.26170349]","[365.5010376, 42.84393311]","[359.835907, 77.6661377]",-28.94
73,"[390.058197, 24.39426231]","[372.0957947, 43.91480637]","[359.9579468, 68.0334549]",-15.91
74,"[395.4628601, 25.49034309]","[375.4649658, 48.25657654]","[357.7142944, 75.22421265]",-7.94
75,"[401.056488, 32.86798096]","[379.7492065, 53.25421143]","[358.4202576, 75.47390747]",-2.44
76,"[416.7340088, 56.36756516]","[386.2397156, 59.55796051]","[363.5244751, 73.60939789]",-25.77
77,"[422.9718323, 57.38396072]","[395.6878967, 67.45336914]","[364.4113159, 73.19794464]",9.85
78,"[429.7363281, 54.50351334]","[400.0779419, 70.79581451]","[368.1773071, 81.51532745]",10.21
79,"[435.8738098, 57.16800308]","[402.2227783, 72.98754883]","[369.3237305, 86.91439819]",2.23
80,"[437.4761353, 50.94102478]","[405.5047302, 75.37915039]","[370.3831482, 92.51018524]",11.39
81,"[418.0614929, 40.15772629]","[422.3540649, 73.60727692]","[404.3831787, 101.5050964]",40.1
82,"[402.5810547, 40.08070374]","[416.2101746, 68.3748703]","[406.3367004, 101.5555801]",42.29
83,"[392.1387024, 37.93185043]","[411.118988, 63.34187698]","[410.4529114, 99.31954956]",37.82
84,"[411.9689026, 34.12093735]","[411.1594543, 68.80682373]","[405.4911804, 105.2985001]",7.49
85,"[429.8184509, 37.36091614]","[414.2614136, 67.97145844]","[399.4181213, 106.5541306]",-5.9
86,"[428.8024292, 39.48605347]","[413.2741089, 71.91062164]","[396.8865051, 108.6188583]",-1.53
87,"[418.2037964, 36.93114853]","[414.8058167, 68.97568512]","[397.9602966, 109.5711136]",16.48
88,"[400.3863525, 38.26286697]","[409.5246887, 64.59449768]","[401.394165, 107.5931396]",29.85
89,"[380.0557251, 42.32419968]","[400.5097656, 62.99548721]","[401.072937, 101.7642517]",43.87
90,"[367.0658264, 49.8866272]","[392.4933777, 64.51429749]","[398.6077271, 99.53479767]",50.19
91,"[348.0562439, 52.13286972]","[380.5232849, 68.7085495]","[395.2869873, 102.3830872]",39.28
92,"[339.4541626, 46.32901382]","[363.3113403, 67.3709259]","[389.5500183, 101.4294052]",10.98
93,"[333.5131836, 37.07874298]","[354.0578308, 64.13706207]","[380.1078796, 97.07421875]",-1.13
94,"[333.3013, 38.48421478]","[352.5280762, 67.28530121]","[375.8873291, 99.05652618]",-2.6
95,"[329.6487122, 30.95465088]","[347.2911377, 60.59043121]","[368.2520447, 96.82740784]",0.72
96,"[337.3936157, 29.43444061]","[342.2019653, 60.23214722]","[361.4482727, 99.79371643]",-17.07
97,"[349.7419128, 26.18123627]","[340.7594299, 56.19806671]","[354.4419556, 99.58094025]",-34.16
98,"[362.6069031, 23.56920815]","[345.971283, 52.03012085]","[345.4630432, 85.73095703]",-29.44
99,"[373.9682922, 26.02033806]","[352.928894, 48.42251587]","[343.4411926, 82.75269318]",-27.75
100,"[386.6316223, 32.80828094]","[358.3528748, 46.60681534]","[344.1861572, 75.91972351]",-38.2
101,"[392.7786255, 32.89710617]","[367.5509338, 48.8571434]","[347.635498, 71.73619843]",-16.64
102,"[400.3865051, 27.74700546]","[378.3572998, 50.25459671]","[351.7572937, 71.46958923]",7.04
103,"[408.9268494, 29.3672142]","[382.4170532, 50.51005173]","[357.6149597, 71.94929504]",-2.27
104,"[415.0411377, 32.95393372]","[386.6994629, 51.31353378]","[359.7289734, 73.98743439]",-7.12
105,"[417.9447632, 29.82528496]","[390.1001587, 54.16135025]","[359.598053, 80.85236359]",-0.03
106,"[404.6990967, 23.65896797]","[398.8599243, 64.30474854]","[360.3236694, 96.94346619]",41.56
107,"[397.0856323, 21.78179741]","[397.9760132, 57.91628265]","[381.8889771, 91.52659607]",26.99
108,"[385.7211609, 18.66559029]","[395.5289917, 52.16057587]","[385.8319702, 87.77851105]",31.55
109,"[371.7409058, 22.54722214]","[389.8935852, 49.69374847]","[387.7082214, 88.91975403]",36.96
110,"[354.5713806, 29.08436012]","[380.1503906, 46.17882538]","[388.415741, 82.36868286]",43.38
111,"[343.6771851, 30.2156105]","[373.3493042, 50.78709412]","[385.7730713, 86.18733215]",35.93
112,"[338.003418, 29.55101967]","[361.8339844, 53.55595779]","[382.4057617, 87.79557037]",13.79
113,"[338.9987183, 28.34493446]","[356.698822, 55.92583847]","[377.8467407, 93.05457306]",3.03
114,"[339.4305115, 25.62265015]","[351.9476624, 59.84327316]","[374.3693848, 99.77716827]",-9.22
115,"[341.2807312, 25.23093414]","[346.2112122, 59.67585373]","[369.1933289, 100.2427673]",-21.39
116,"[339.969696, 26.69888496]","[345.2601318, 60.03232574]","[362.4620361, 101.1436081]",-13.69
117,"[338.3766785, 30.97099113]","[344.8876038, 63.84028244]","[359.1463318, 105.3660736]",-7.75
118,"[356.6037903, 31.03186035]","[344.0113525, 59.10256958]","[351.4658508, 102.8754349]",-33.83
119,"[372.8765564, 39.66777039]","[351.4770813, 60.1534462]","[344.2153015, 93.14055634]",-33.83
120,"[387.6021729, 46.54788208]","[357.6603699, 60.00858307]","[344.4118652, 90.15805054]",-42.07
121,"[397.9868774, 56.84530258]","[366.6650696, 62.69529343]","[348.0887451, 83.40159607]",-37.52
122,"[402.2494812, 52.50897598]","[377.3149109, 65.89225769]","[350.8175354, 78.69515991]",2.44
123,"[409.0485535, 46.83641052]","[383.3706055, 67.5138092]","[355.0331116, 83.28541565]",9.74
124,"[416.2621765, 46.28070831]","[386.4405823, 66.45656586]","[357.4692688, 87.4124527]",-1.8
125,"[419.9481812, 55.27148438]","[387.8952026, 67.2522583]","[360.9343262, 86.13220215]",-14.51
126,"[428.7791748, 70.54232025]","[396.5811462, 71.26030731]","[371.4281311, 79.82479858]",-17.53
127,"[436.104248, 76.65687561]","[401.9276123, 78.65119171]","[371.9408875, 84.46494293]",-7.63
128,"[437.2421265, 76.21612549]","[404.6206055, 85.34278107]","[375.0906372, 92.14472961]",2.66
129,"[441.5256653, 72.96555328]","[410.6563721, 91.40195465]","[377.9255981, 100.3205566]",15.61
130,"[442.6444702, 66.53471375]","[422.3348389, 91.45846558]","[386.783844, 103.8834]",31.56
131,"[449.8705444, 66.4695282]","[423.3095703, 91.32689667]","[391.6773376, 107.1807556]",16.48
132,"[459.8564758, 69.97254181]","[428.2525024, 93.16001129]","[395.1223755, 110.0309296]",9.28
133,"[457.3394165, 65.93571472]","[436.3726807, 93.17665863]","[405.0117798, 112.7007904]",20.51
134,"[448.2410583, 57.73075867]","[437.874939, 90.35968018]","[408.3040466, 114.959053]",32.62
135,"[441.190979, 54.68757248]","[437.5080872, 86.3170166]","[415.829071, 116.333046]",29.2
136,"[433.7278137, 52.01815796]","[436.9528198, 84.53066254]","[425.2308655, 116.7400818]",25.66
137,"[435.5854187, 45.33279037]","[434.2955627, 89.3482666]","[422.0453796, 118.737915]",20.95
138,"[437.5362549, 40.72362137]","[429.2492371, 73.29425812]","[422.4647522, 110.8876801]",-4.04
139,"[439.4708252, 41.72869873]","[425.27948, 73.05802917]","[419.3144226, 112.0955658]",-15.68
140,"[438.5019531, 43.43559265]","[425.3282776, 75.88977814]","[416.6651306, 117.237381]",-10.26
141,"[435.2180176, 40.2801857]","[426.067688, 75.31434631]","[414.6943054, 118.7653732]",0.03
142,"[428.3390808, 41.0910759]","[426.2836914, 74.36351776]","[415.2796021, 117.6760025]",10.72
143,"[411.7148438, 42.55451965]","[421.1133118, 70.40888214]","[416.6127319, 113.7222214]",24.58
144,"[404.8190002, 43.42734146]","[417.0602112, 73.08651733]","[415.3873901, 115.1392288]",24.71
145,"[397.701355, 49.11171341]","[409.8525391, 75.40098572]","[413.6843567, 115.7706528]",19.38
146,"[403.6205444, 45.96480942]","[401.5828247, 75.53675842]","[408.128418, 117.9610977]",-12.71
147,"[409.9522095, 43.50361252]","[399.221405, 74.57750702]","[402.7516785, 114.9210205]",-24.05
148,"[415.4832458, 43.7452774]","[400.1080017, 74.84017944]","[400.045166, 116.5097198]",-26.22
149,"[420.5275269, 44.97637177]","[402.828125, 71.19669342]","[395.1666565, 104.8074493]",-21.18
150,"[432.61026, 47.94041824]","[406.7502441, 64.99964905]","[396.6337585, 89.8168869]",-34.41
151,"[440.9424133, 59.3915329]","[414.8813782, 66.67551422]","[397.284668, 84.99839783]",-30.54
152,"[451.0670776, 65.22319794]","[421.1996765, 69.2580719]","[399.8764954, 84.23498535]",-27.39
153,"[455.1876831, 72.88577271]","[429.3757324, 73.21704102]","[403.1566467, 79.82173157]",-13.4
154,"[463.6582642, 72.50415802]","[432.644989, 78.58959961]","[402.6183777, 80.25469971]",7.93
155,"[470.6528931, 82.31121063]","[438.7106934, 83.37741089]","[411.1612244, 85.31656647]",-2.11
156,"[474.8343506, 100.0949173]","[446.4138489, 89.81285095]","[416.7785339, 90.64228821]",-21.49
157,"[479.2882385, 107.8407898]","[454.8053894, 97.70127106]","[423.205658, 93.82524109]",-15.5
158,"[488.8667297, 112.1249619]","[459.1554871, 107.2164001]","[424.7574463, 102.2916641]",-1.23
159,"[498.278595, 109.5106125]","[460.467926, 112.4156265]","[424.2859192, 107.6324844]",11.92
160,"[501.4728394, 123.5953751]","[466.7433777, 119.9431152]","[432.965332, 115.0868607]",2.18
161,"[506.4120178, 130.0155334]","[472.6969604, 124.9880295]","[435.6363525, 119.7881775]",-0.49
162,"[508.4265747, 138.8238068]","[479.2819214, 130.3437653]","[436.0351257, 125.5994644]",-9.96
163,"[507.4474182, 150.4131927]","[481.4986572, 134.7860565]","[443.5823975, 127.3566055]",-19.97
164,"[508.0779419, 170.5940704]","[482.4720459, 149.6998138]","[449.0458984, 137.1129913]",-18.58
165,"[512.723938, 175.5590668]","[482.6029663, 160.8593292]","[449.9849854, 145.9014893]",-1.38
166,"[515.5481567, 177.4026031]","[483.1148987, 170.8952179]","[452.5032043, 156.6322632]",13.64
167,"[522.8188477, 170.3261719]","[487.5538025, 178.3700256]","[452.5582275, 165.9624786]",32.37
168,"[527.8330688, 160.534256]","[498.4372559, 177.9547119]","[463.3774414, 175.1752167]",35.18
169,"[526.7302856, 151.0566101]","[506.8475952, 176.4837189]","[468.3992004, 183.9662781]",40.96
170,"[526.5830078, 145.6815643]","[503.7920837, 174.0125732]","[469.7129211, 187.1328583]",30.13
171,"[523.5507813, 139.3414459]","[506.7720032, 172.8312073]","[473.4051819, 192.6856689]",32.63
172,"[510.5949097, 134.3880005]","[504.9288635, 170.627533]","[483.734436, 194.3654938]",32.87
173,"[505.3467102, 124.6036377]","[502.4998474, 164.8021698]","[487.1785583, 192.2389832]",25.13
174,"[502.9457703, 117.6296844]","[495.9719238, 154.5346222]","[484.2915344, 189.0955048]",7.97
175,"[506.2915649, 111.3962173]","[491.9122925, 142.4076233]","[481.450531, 181.5754395]",-9.92
176,"[504.294281, 106.3736954]","[488.6763916, 138.8959198]","[479.7522888, 177.0438232]",-12.48
177,"[492.8901978, 100.7319794]","[489.743866, 133.1843872]","[475.353363, 176.4727325]",12.85
178,"[490.4323425, 97.91477203]","[486.4165649, 129.2802582]","[475.4558105, 173.876358]",6.51
179,"[502.637146, 102.6386337]","[483.836853, 130.355011]","[468.8904419, 170.7001648]",-13.82
180,"[519.9970093, 114.3551559]","[487.1060486, 127.7093201]","[467.3846436, 161.0146179]",-37.27
181,"[530.163208, 127.6958313]","[498.5903625, 128.3109894]","[468.8923645, 150.119812]",-35.18
182,"[532.3498535, 140.9597168]","[509.5856934, 132.8762665]","[479.1878052, 133.2869873]",-20.32
183,"[535.8127441, 152.0187988]","[515.2114868, 139.7970734]","[483.1709595, 134.1517639]",-20.69
184,"[548.0727539, 157.4933472]","[520.4741821, 151.1730347]","[491.5350037, 140.403717]",7.51
185,"[554.182251, 160.5084991]","[525.2943726, 156.5141296]","[492.6221313, 149.3489838]",4.5
186,"[556.4760132, 172.6754761]","[528.552002, 160.6275635]","[493.3514099, 151.742157]",-9.17
187,"[548.7095337, 195.6501923]","[525.6313477, 170.5875244]","[494.2062683, 157.5285339]",-24.79
188,"[544.9119873, 210.8146362]","[526.3890381, 184.3893433]","[500.0884399, 166.8206635]",-21.23
189,"[540.588623, 220.2861481]","[522.9998169, 194.5166016]","[498.0299683, 172.7137909]",-14.56
190,"[541.9198608, 235.7691498]","[525.5155029, 204.547226]","[500.7063904, 178.5988922]",-16.0
191,"[535.4641113, 247.1917267]","[518.9885864, 213.9205933]","[497.3579102, 190.0843964]",-15.88
192,"[535.293457, 260.4425964]","[515.967041, 228.3659515]","[497.3818054, 203.5726166]",-5.79
193,"[544.1364136, 266.427124]","[513.9707642, 247.2631531]","[494.7354431, 216.313736]",25.71
194,"[549.9202271, 270.8705139]","[510.7146912, 256.411499]","[492.2764587, 225.1021423]",39.26
195,"[551.9586792, 273.9389954]","[513.6096802, 267.2088013]","[490.1842957, 238.4966736]",40.84
196,"[558.2866821, 268.1947021]","[522.5460815, 275.7333679]","[495.1109009, 255.286972]",48.61
197,"[558.9404297, 262.8656616]","[528.4432983, 276.226532]","[496.3273315, 267.2642822]",39.25
198,"[561.8740845, 260.3890686]","[529.2661133, 274.4156494]","[493.0679016, 268.6620789]",32.31
199,"[564.2821655, 262.7164307]","[527.6026611, 273.6589966]","[488.576416, 270.6654663]",21.0
200,"[565.0941162, 262.7557068]","[528.8388672, 273.8675842]","[484.8597717, 273.1504517]",17.97
201,"[565.3868408, 260.3609009]","[529.0720825, 272.5466003]","[484.2131653, 274.9099121]",15.53
202,"[570.4223633, 265.4779968]","[532.22052, 270.9292908]","[484.7565918, 274.9785767]",3.24
203,"[565.5135498, 263.4958191]","[530.4315186, 271.3841858]","[483.4002686, 275.5413208]",7.62
204,"[563.019104, 253.4075928]","[531.5145264, 271.6986389]","[493.2108765, 277.5095825]",21.51
205,"[548.8270264, 239.1650085]","[530.8225098, 267.7415466]","[490.4962769, 277.3602295]",44.37
206,"[539.7877197, 225.8514709]","[529.0148926, 256.8179321]","[501.8949585, 278.4732361]",32.21
207,"[535.5567627, 215.6092072]","[526.078186, 250.3854218]","[503.5996399, 276.3530579]",25.63
208,"[529.0557251, 203.2845612]","[522.0963135, 242.3582611]","[503.5980225, 271.7520142]",22.08
209,"[516.6276855, 195.0227051]","[518.0462036, 229.6493683]","[506.2562561, 262.6143799]",22.03
210,"[500.4468994, 186.8376007]","[512.2247925, 217.649292]","[504.1646118, 255.4475708]",32.96
211,"[501.1600952, 172.1920929]","[499.3896179, 201.4391937]","[501.1080933, 242.5332794]",-5.86
212,"[500.0268555, 159.1308136]","[492.1113586, 192.5457001]","[494.3297119, 233.6051331]",-16.42
213,"[489.9724121, 153.6927032]","[487.847229, 186.1436615]","[486.1410828, 231.0848083]",-1.57
214,"[496.2691345, 144.6906586]","[482.7037659, 176.4044342]","[478.9211731, 221.8179016]",-18.4
215,"[505.5603333, 142.7545319]","[482.1494446, 166.2596893]","[473.8359985, 204.2802582]",-32.55
216,"[514.8372803, 145.7660065]","[484.2666626, 159.8899231]","[467.604126, 194.0097198]",-39.17
217,"[521.0231934, 155.6678009]","[492.6520996, 157.3951111]","[472.0725098, 170.3996277]",-28.81
218,"[521.9367065, 165.2233276]","[499.8293152, 159.7216797]","[472.1455078, 162.5550079]",-19.82
219,"[529.2683105, 166.8532715]","[503.3562012, 163.8528748]","[472.6295166, 160.4023285]",-0.2
220,"[534.3449707, 162.5079041]","[504.0249939, 166.5314636]","[471.6528931, 164.618454]",10.94
221,"[539.4968262, 160.360321]","[504.8917847, 167.7089386]","[472.2770386, 168.708313]",10.23
222,"[543.925293, 162.2635803]","[505.8937988, 168.2870331]","[472.1132507, 170.2002258]",5.76
223,"[545.757019, 162.6729431]","[507.2138672, 170.4712372]","[469.5648193, 172.6059875]",8.19
224,"[548.2518311, 155.3249359]","[514.4364624, 170.7433777]","[475.9362488, 174.0699768]",19.57
225,"[548.8675537, 146.17099]","[518.3074951, 166.6815643]","[479.9701233, 173.4564819]",23.85
226,"[549.6286011, 142.5453644]","[517.5235596, 164.546814]","[481.6743469, 176.7893524]",15.57
227,"[554.019104, 149.9118652]","[514.8279419, 161.4394531]","[480.9812317, 174.7015533]",-5.01
228,"[556.1386108, 161.7350311]","[519.1235962, 162.0531311]","[482.5861511, 171.4761505]",-13.97
229,"[558.3585205, 166.0726166]","[523.1654053, 164.7397614]","[484.4376831, 170.4099274]",-10.5
230,"[562.3405762, 173.7854919]","[525.5145264, 167.7014313]","[486.0894775, 172.9367218]",-16.95
231,"[560.7062378, 168.396347]","[522.7796021, 176.6933289]","[482.0941162, 178.5389862]",9.74
232,"[559.892334, 164.5902557]","[524.9193115, 180.3694916]","[485.203949, 182.9157867]",20.62
233,"[556.0288086, 152.7951202]","[529.8974609, 177.8126984]","[492.8028564, 188.1168823]",28.23
234,"[547.4884644, 141.3968964]","[532.8748169, 173.4221191]","[497.7814026, 189.6618805]",40.64
235,"[540.2324829, 133.7858429]","[530.7421265, 167.0422211]","[500.7661133, 191.5161896]",34.84
236,"[529.7611694, 125.9984589]","[528.1688843, 164.2269287]","[508.2107849, 189.3610077]",36.07
237,"[522.1611938, 106.4561462]","[514.944519, 144.4933777]","[504.010437, 180.8462524]",6.0
238,"[520.3857422, 104.6959534]","[508.1815491, 139.2556152]","[495.2041321, 178.7583771]",-1.26
239,"[518.5443115, 102.0019073]","[505.8016357, 135.6187897]","[489.1036987, 178.5212555]",0.51
240,"[512.9375, 101.3901291]","[500.3001404, 132.3857727]","[482.796814, 174.0230103]",0.62
241,"[507.5375977, 100.8375854]","[498.3475037, 130.6107941]","[478.7445374, 172.4918671]",7.93
242,"[506.678894, 102.3469086]","[491.1539001, 134.0158081]","[471.6690369, 172.8333435]",0.54
243,"[516.862793, 111.1244736]","[488.5391846, 131.5253448]","[470.5397949, 164.1101532]",-25.32
244,"[527.1930542, 119.5344543]","[492.5624695, 128.7406769]","[469.0911865, 155.2138214]",-33.55
245,"[532.3587036, 137.0247803]","[505.1300049, 131.4989929]","[479.1166992, 136.6868286]",-22.75
246,"[537.161377, 147.0468292]","[509.3180542, 136.7284088]","[481.4815063, 136.227005]",-19.3
247,"[540.4945068, 156.3754425]","[516.53479, 143.4822083]","[484.5441589, 139.4381104]",-21.08
248,"[537.7084961, 172.9210052]","[516.9022217, 152.1209717]","[486.0603943, 142.4219971]",-27.53
249,"[549.710144, 176.8997192]","[523.322998, 164.0903473]","[490.7801514, 147.4687805]",1.16
250,"[555.5376587, 184.4625244]","[527.0873413, 171.3288269]","[491.8762207, 154.8953552]",0.24
251,"[548.5510254, 200.7271881]","[523.6347656, 175.6468201]","[489.0540466, 159.3243408]",-19.92
252,"[554.03125, 205.812088]","[526.3206787, 187.2886047]","[494.3060303, 165.4141846]",0.58
253,"[559.3037109, 208.8371429]","[524.8272705, 195.5565186]","[493.7353516, 172.1283875]",15.93
254,"[559.3745728, 213.1046143]","[524.6550293, 202.656723]","[494.2544556, 180.4333191]",19.42
255,"[561.8650513, 212.230072]","[523.3894043, 212.2870941]","[491.0252686, 188.9467621]",35.88
256,"[563.7501221, 211.5440063]","[524.8657837, 215.7176971]","[494.3337402, 198.002182]",36.25
257,"[563.8735962, 203.5861359]","[531.0738525, 217.9519501]","[497.8067322, 207.1594543]",41.63
258,"[561.0765381, 193.7312164]","[533.772522, 216.5071259]","[502.5662537, 215.0657196]",42.48
259,"[565.7268066, 192.0843658]","[532.0709839, 214.0287628]","[496.2860413, 216.8452148]",28.61
260,"[574.4622803, 198.736557]","[533.1107178, 212.1924286]","[497.4354248, 219.2005005]",6.91
261,"[572.2684326, 190.4861298]","[539.9212646, 211.5652771]","[494.0686646, 221.9389191]",20.34
262,"[566.9490356, 186.4566193]","[532.8169556, 212.1175842]","[495.6358032, 224.482666]",18.54
263,"[565.8435669, 187.0595551]","[531.6206665, 210.0257874]","[489.559906, 226.1586456]",12.88
264,"[568.4259033, 192.0904541]","[529.3519287, 205.6477966]","[486.3405762, 226.8097382]",-7.06
265,"[573.4910889, 193.8301544]","[535.6177368, 202.2709961]","[502.6080322, 219.3216248]",-14.75
266,"[575.3120728, 194.9732971]","[539.236084, 201.5750732]","[502.669342, 215.5505524]",-10.55
267,"[572.2963257, 198.492218]","[540.5806885, 197.0455475]","[510.116272, 204.8979797]",-17.07
268,"[575.581665, 216.8896332]","[548.1936035, 200.9083557]","[515.0061035, 204.2863617]",-36.08
269,"[569.8503418, 232.535202]","[545.9510498, 207.6073914]","[517.6749268, 204.4890137]",-39.91
270,"[564.5914307, 242.1405334]","[543.9349365, 214.59729]","[517.6608276, 207.3822327]",-37.78
271,"[566.2409058, 247.4213715]","[543.1972046, 225.4113464]","[515.2088623, 210.0018921]",-14.85
272,"[566.0378418, 252.9930573]","[542.3344727, 232.6398315]","[511.0635986, 212.130188]",-7.39
273,"[563.3325806, 259.8356323]","[538.8568115, 236.7158966]","[506.770752, 216.528717]",-11.19
274,"[554.5445557, 271.413208]","[533.8548584, 242.5809021]","[502.0029297, 221.1462555]",-20.4
275,"[548.4200439, 288.3644409]","[529.8809814, 252.6785736]","[504.1243286, 227.2174988]",-17.88
276,"[554.2521362, 292.5456238]","[528.6088257, 266.7601318]","[508.830658, 237.8172607]",10.49
277,"[556.1157227, 296.7817993]","[524.7663574, 275.2354431]","[501.4451294, 243.05867]",19.57
278,"[560.5221558, 297.447113]","[523.0504761, 283.7451172]","[499.4819641, 250.477066]",34.6
279,"[562.77771, 292.2349243]","[525.7047729, 294.8190613]","[503.8162537, 266.785553]",56.0
280,"[567.3470459, 290.7941589]","[525.7123413, 296.9612427]","[501.2015991, 273.6932983]",51.94
281,"[566.8942261, 287.7900085]","[529.3587646, 294.0272827]","[499.9201355, 277.6096802]",38.58
282,"[563.1860962, 285.6070557]","[525.3150024, 295.9598999]","[494.9375, 284.2884216]",36.31
283,"[562.2766724, 280.5552063]","[528.6166382, 294.9855957]","[494.9692078, 288.0941772]",34.78
284,"[557.3972168, 272.2389221]","[528.2722168, 290.6034546]","[496.9785767, 288.8988342]",35.35
285,"[549.006897, 259.3477173]","[529.0668335, 285.928772]","[493.8197327, 288.9327087]",48.25
286,"[550.0718994, 253.3955078]","[525.2705688, 282.4336548]","[489.1054688, 291.2214661]",35.84
287,"[557.5185547, 255.5218811]","[523.5958252, 279.7244263]","[483.8231201, 292.5736694]",17.6
288,"[561.1519775, 256.5530701]","[523.5390625, 275.8714905]","[482.9888, 291.387207]",6.25
289,"[565.1381226, 259.0030823]","[528.2315063, 269.865387]","[491.2712097, 287.7790527]",-9.46
290,"[560.3115234, 250.6225586]","[529.0001221, 267.5146179]","[491.2268982, 283.7084045]",5.14
291,"[554.392334, 241.4856415]","[528.916626, 265.3575745]","[496.4627075, 279.5214844]",19.56
292,"[543.5452881, 232.5223236]","[526.2764893, 260.4205017]","[497.6888733, 279.2062683]",24.93
293,"[533.0648193, 222.7139587]","[525.126709, 256.4461365]","[501.9219971, 276.7796326]",35.53
294,"[527.1531372, 212.3892365]","[516.2886353, 246.077713]","[498.3242493, 272.0862427]",16.76
295,"[532.300354, 207.2481384]","[514.6760254, 235.704071]","[492.9442444, 267.7745361]",2.35
296,"[524.9724731, 198.20224]","[510.376709, 229.684082]","[490.8988342, 262.4033508]",5.89
297,"[529.482666, 201.9247284]","[505.6730652, 228.474823]","[482.8193359, 259.3622437]",-5.39
298,"[543.5425415, 215.9296417]","[506.3549194, 223.1674347]","[485.2917175, 246.1990356]",-36.54
299,"[548.3188477, 224.5576782]","[514.1243286, 223.1470795]","[486.262085, 240.9492798]",-34.94
300,"[549.9419556, 236.2399139]","[523.2653198, 224.3661499]","[492.2832947, 230.5295258]",-35.25
301,"[544.1665649, 249.1833649]","[525.7738037, 229.3817139]","[496.8925476, 223.4282227]",-35.46
302,"[547.7389526, 255.4516144]","[528.7072144, 236.7755737]","[501.7414856, 223.758667]",-18.69
303,"[547.6462402, 264.881073]","[530.9262085, 241.7554321]","[502.8058472, 225.896347]",-24.71
304,"[531.3521729, 275.3905029]","[527.465332, 245.2394562]","[502.9852295, 228.0379944]",-47.56
305,"[535.0454102, 288.1556091]","[526.2203369, 257.488678]","[509.1480103, 233.0642853]",-18.9
306,"[544.6242065, 294.0543823]","[523.5206299, 268.8447571]","[505.2680359, 240.7469482]",6.93
307,"[540.5649414, 302.2680969]","[522.9039307, 274.6696777]","[502.2116394, 246.5688629]",-3.75
308,"[526.3084106, 311.2046204]","[517.807251, 273.6237183]","[501.295105, 247.5878601]",-19.64
309,"[512.5166626, 321.6584167]","[514.9464111, 284.2591248]","[500.0719604, 254.8506775]",-30.55
310,"[504.5882568, 335.2276001]","[505.0961304, 294.9717712]","[497.2718201, 262.8558655]",-14.41
311,"[500.9036255, 342.2033691]","[496.5626526, 305.6071472]","[493.8609314, 269.5518188]",2.48
312,"[454.0617065, 376.8389587]","[459.9091492, 337.8357544]","[467.8523865, 306.8380127]",5.85
313,"[454.7402954, 387.9935608]","[448.9754639, 348.4238586]","[459.7822266, 311.5614929]",24.63
314,"[443.592804, 396.735199]","[444.6798706, 353.9568481]","[450.872345, 318.6584473]",8.49
315,"[435.0267029, 403.8952332]","[436.9179993, 356.2962646]","[444.4795227, 325.0201416]",11.32
316,"[446.3603821, 407.5279846]","[430.9564514, 373.1530457]","[435.06073, 336.9184265]",30.6
317,"[458.4090271, 411.5256348]","[428.7283325, 382.9668884]","[427.6488342, 345.5681763]",44.45
318,"[454.5865479, 418.8427734]","[430.7174683, 386.3632813]","[419.1497498, 352.3117676]",17.55
319,"[459.449585, 421.6130371]","[428.8537903, 394.3735962]","[414.6297913, 357.0907288]",27.44
320,"[463.6385498, 418.2096252]","[428.5618591, 399.0224915]","[408.7302246, 363.3851929]",32.23
321,"[463.3620911, 425.4692383]","[434.0681458, 398.9279785]","[404.3614502, 364.5719299]",6.97
322,"[453.8736267, 434.6923218]","[434.2300415, 401.6618652]","[403.8016663, 367.9779968]",-11.35
323,"[451.6637573, 440.8736572]","[431.2923584, 404.9055176]","[407.6998596, 375.2827454]",-9.01
324,"[438.6988525, 446.5665588]","[428.1537476, 404.7680359]","[407.2932434, 375.1823425]",-21.03
325,"[421.5205688, 455.1592102]","[409.7543335, 422.016449]","[407.4365845, 389.2895813]",15.49
326,"[429.5599976, 457.4975586]","[407.84021, 425.0996094]","[403.0682068, 388.6349487]",26.38
327,"[443.9462891, 450.8635559]","[412.0552673, 435.5425415]","[399.2640076, 391.5473328]",48.13
328,"[451.2877197, 442.6541748]","[414.2360229, 435.8197021]","[397.9086914, 399.3485718]",55.43
329,"[455.2627869, 432.8474426]","[418.4476624, 435.3104858]","[399.6968079, 407.2868652]",60.04
330,"[460.3595886, 422.1655273]","[427.4196777, 431.6539307]","[398.6973267, 406.4953308]",57.29
331,"[464.4729309, 411.1302185]","[432.4758606, 425.8234863]","[398.7197876, 407.7160645]",52.87
332,"[469.109436, 396.7111206]","[438.893158, 415.3475952]","[402.8981018, 409.1461792]",41.44
333,"[466.8893127, 378.2979736]","[443.6563721, 403.9917297]","[405.5900574, 406.6470642]",43.89
334,"[467.6141052, 363.4546509]","[443.1700134, 394.682312]","[410.3789368, 403.4143372]",37.04
335,"[471.5288086, 348.9150696]","[449.1932373, 378.1531372]","[413.9718018, 396.9151917]",24.58
336,"[458.696167, 314.5186462]","[453.1467285, 348.4949341]","[434.1532288, 376.7154541]",24.67
337,"[462.9356384, 304.0628052]","[451.0177307, 332.8804016]","[433.3560181, 365.359314]",6.07
338,"[470.0386353, 296.2707825]","[449.3490906, 322.7079468]","[432.2702026, 355.7308044]",-10.7
339,"[482.9175415, 294.7150879]","[450.3457031, 311.4998169]","[433.2579651, 340.6804199]",-32.38
340,"[488.6050415, 295.3035583]","[453.0883179, 305.7479553]","[433.8435974, 330.978363]",-36.28
341,"[497.6162415, 293.9787598]","[458.8521118, 301.8652344]","[434.4587402, 324.1999817]",-30.98
342,"[498.7935791, 310.537262]","[464.5860901, 300.4249573]","[436.1499939, 317.1197205]",-46.89
343,"[500.5188293, 323.8935547]","[480.3760376, 307.828125]","[444.5001526, 309.3818665]",-41.05
344,"[499.208313, 336.3982544]","[483.9253235, 312.7619324]","[453.5257874, 303.806427]",-40.7
345,"[505.6630249, 345.3523865]","[491.6914063, 321.6610413]","[463.9777832, 302.3999634]",-24.67
346,"[512.6616821, 350.5788879]","[494.0740356, 329.0306702]","[470.5005188, 306.6631165]",-5.72
347,"[511.5032349, 359.9095764]","[494.5682373, 334.0682068]","[474.974762, 310.9682312]",-7.07
348,"[504.9447632, 374.1036072]","[493.9737244, 339.1142273]","[476.9642639, 313.937561]",-16.63
349,"[506.5696411, 381.2752686]","[492.6126099, 350.3623352]","[481.1229858, 321.2581482]",2.76
350,"[511.5657349, 385.4076538]","[493.7399902, 356.9759216]","[481.7510681, 327.8942566]",9.68
351,"[520.8630371, 392.8080444]","[493.7011719, 368.6328125]","[481.3287354, 334.3632507]",28.48
352,"[523.4501953, 395.9403381]","[496.6908569, 372.7562866]","[479.8847656, 338.8136292]",22.75
353,"[534.8557129, 389.6282654]","[498.9551392, 378.0704956]","[480.0556946, 347.8783264]",40.11
354,"[543.3649292, 379.3129272]","[504.6741028, 379.4021301]","[482.1109619, 359.1992798]",41.97
355,"[551.446228, 366.083313]","[514.6123657, 374.9316711]","[486.8286438, 361.1758118]",39.85
356,"[554.7344971, 350.1751404]","[521.8483887, 366.765686]","[491.2168579, 363.2881775]",33.25
357,"[555.0759277, 345.0808716]","[520.017395, 363.0333557]","[483.9125061, 359.9309998]",32.03
358,"[550.7694702, 333.2401733]","[516.8117065, 356.3247375]","[481.8197021, 357.052063]",33.02
359,"[543.3199463, 321.3598633]","[519.1551514, 350.2399292]","[482.3549194, 355.5291748]",41.9
360,"[534.4609985, 307.1514282]","[516.2228394, 340.6175537]","[485.1717529, 352.2945862]",40.8
361,"[533.0766602, 294.0943298]","[515.3234863, 330.3632813]","[487.6254578, 347.9787903]",31.46
362,"[532.0845337, 281.5137939]","[512.4350586, 315.5596008]","[488.9114075, 338.9877625]",15.13
363,"[526.3739014, 272.4061584]","[508.170166, 303.6436768]","[485.5288391, 331.1047058]",9.27
364,"[532.7645874, 268.5651855]","[506.9884949, 290.8015137]","[485.2650452, 318.4672852]",-11.08
365,"[540.6536865, 264.0512695]","[508.3626099, 278.5532837]","[486.2241516, 305.3983459]",-26.3
366,"[542.5596924, 267.5737305]","[510.4204102, 274.476532]","[485.2012329, 293.9153137]",-25.5
367,"[550.7919922, 277.91922]","[514.9512329, 271.3672791]","[484.6766968, 286.9768982]",-37.64
368,"[553.7848511, 286.6448364]","[514.2328491, 267.8981628]","[487.4926453, 279.5442505]",-48.89
369,"[551.9957275, 291.7705383]","[523.9390869, 269.8811951]","[496.1864014, 273.9945068]",-46.39
370,"[550.1792603, 305.5718384]","[531.7054443, 279.635376]","[508.0176086, 269.0578308]",-30.48
371,"[551.6066284, 312.3387451]","[536.3092651, 288.967804]","[512.0992432, 270.2585754]",-19.1
372,"[552.699585, 319.6639099]","[536.6691895, 299.3088074]","[515.4290771, 276.1570129]",-4.31
373,"[551.6900024, 325.3034058]","[535.2436523, 303.0924377]","[514.7918701, 278.1349487]",-2.81
374,"[552.4395752, 332.2941284]","[535.8115845, 310.0274048]","[516.788269, 284.168457]",0.41
375,"[555.6915283, 338.7501831]","[533.4363403, 314.5905457]","[513.6120605, 288.7631226]",5.14
376,"[557.6513062, 340.0215759]","[533.2745361, 319.1942444]","[512.9053955, 292.5537415]",12.09
377,"[554.4977417, 334.0858154]","[522.6401367, 323.7155151]","[500.0582886, 297.0237427]",31.74
378,"[561.8679199, 326.7272949]","[523.8189697, 328.1939087]","[500.6026306, 308.9681396]",41.84
379,"[558.225647, 325.6056519]","[522.1524658, 333.8580627]","[495.7778625, 322.2929688]",36.56
380,"[550.4782715, 318.6209106]","[514.9437256, 330.8578796]","[484.9119568, 325.3944702]",29.31
381,"[546.5835571, 314.2145081]","[512.9208984, 329.3085327]","[480.7559204, 326.6580811]",28.86
382,"[539.0296021, 300.4758301]","[514.203125, 323.2742004]","[481.5600281, 328.1740723]",34.02
383,"[528.9042358, 285.1148682]","[513.8322754, 315.7980957]","[482.3451843, 325.9325256]",46.0
384,"[526.317688, 274.3825378]","[508.8811646, 309.5639343]","[478.1264954, 323.3699951]",39.46
385,"[527.1591797, 267.6815796]","[504.4196777, 296.9811096]","[473.7868042, 317.1299438]",18.85
386,"[531.5932007, 255.4500275]","[504.6771545, 286.248291]","[480.1092834, 309.6544189]",5.24
387,"[525.0332642, 246.8217316]","[507.334259, 278.5697327]","[483.7290649, 302.8632813]",15.04
388,"[531.6235962, 245.0547028]","[503.6311035, 270.5657959]","[481.7019653, 296.0645752]",-6.96
389,"[536.2263184, 247.1044464]","[504.7542419, 263.7877502]","[484.5089417, 285.2719116]",-18.77
390,"[538.1810303, 245.5145569]","[505.1901245, 261.5559082]","[480.0427246, 281.0828857]",-11.9
391,"[539.4107666, 248.8142853]","[505.4405823, 257.1491699]","[479.8546753, 275.8231812]",-22.34
392,"[542.7304077, 264.75177]","[506.9975891, 256.6625061]","[477.7666321, 269.1055298]",-35.81
393,"[539.2255249, 280.9893494]","[514.3668823, 261.7395935]","[482.7402954, 264.9789124]",-43.6
394,"[533.9594727, 293.2884827]","[520.5974731, 268.4124451]","[490.7853699, 261.7991028]",-49.25
395,"[530.8137207, 304.5172729]","[519.7258301, 277.6866455]","[494.4570313, 261.1822815]",-34.4
396,"[528.22052, 311.4135132]","[519.1281128, 284.3209229]","[495.1240234, 263.5356445]",-30.56
397,"[520.1134033, 318.0917969]","[517.7121582, 290.3640442]","[498.7759399, 268.280304]",-35.66
398,"[514.3329468, 329.498291]","[514.3025513, 296.2727356]","[500.0780029, 272.2978516]",-30.63
399,"[515.9755859, 339.4329529]","[511.5935059, 307.756134]","[498.9493408, 279.3310242]",-16.1
400,"[506.5114441, 348.625061]","[503.6903076, 312.2045898]","[495.392334, 286.1289368]",-13.22
401,"[479.964447, 383.439209]","[470.8043213, 348.0409241]","[476.828064, 318.7199097]",26.12
402,"[460.4838867, 406.7060852]","[452.7819824, 368.6668701]","[454.7753296, 337.7872314]",15.14
403,"[474.9711304, 408.6142273]","[449.9180298, 379.9170227]","[448.8594666, 343.6522217]",39.45
404,"[484.9155273, 407.4238586]","[450.6564331, 390.5742188]","[440.874054, 354.318573]",48.71
405,"[486.7424011, 410.0190125]","[452.9404297, 396.3959961]","[436.4998474, 365.2772827]",40.2
406,"[492.5653381, 409.8647461]","[455.6192932, 397.6572876]","[433.5720215, 366.4972839]",36.43
407,"[498.9544373, 408.4680176]","[459.3425293, 397.9743042]","[431.9466858, 369.3721313]",31.4
408,"[502.4042053, 405.6154175]","[460.0296021, 397.6034546]","[427.9656067, 370.9717712]",29.01
409,"[502.7938232, 408.5796509]","[465.7129517, 396.4424133]","[423.2587585, 373.8215942]",9.93
410,"[501.5923767, 410.2010803]","[466.0, 392.0107422]","[422.7287903, 373.7944031]",-4.24
411,"[506.6600037, 411.0716248]","[466.7163696, 392.5484924]","[418.7110596, 370.5855713]",-0.29
412,"[504.6626282, 405.0384521]","[462.3928528, 390.7856445]","[415.9719238, 369.5405579]",5.96
413,"[507.9516602, 395.132019]","[465.7976379, 393.2252502]","[422.0177307, 372.0037231]",23.27
414,"[489.6012268, 325.557373]","[477.4631653, 355.8436584]","[452.7196655, 372.5895996]",34.07
415,"[474.6729126, 308.2242432]","[475.2836304, 342.9061584]","[457.2968445, 364.7210999]",40.51
416,"[476.4364624, 284.4829102]","[469.6066589, 324.6856384]","[457.9101563, 353.6573792]",12.34
417,"[474.9051514, 268.2237549]","[467.2780457, 302.3399048]","[458.1639709, 338.475708]",1.55
418,"[470.0154419, 255.3362885]","[462.43927, 286.8302917]","[453.6818542, 325.7822876]",-0.86
419,"[457.1174011, 238.9432983]","[460.8248901, 270.7519226]","[451.2472229, 315.7662659]",18.66
420,"[436.7755737, 230.4477081]","[447.1798096, 255.3635864]","[449.1000671, 300.5163574]",20.23
421,"[430.7662964, 220.5715942]","[435.0596313, 246.3351593]","[445.5242004, 288.3644104]",-4.52
422,"[438.007019, 210.3258972]","[430.9032288, 239.7532349]","[436.6810913, 277.3427124]",-22.31
423,"[451.934082, 204.0423126]","[430.9786072, 229.5039673]","[429.5955811, 268.2329407]",-37.41
424,"[470.3383179, 201.8133698]","[436.476593, 220.0561066]","[422.7462158, 254.2279053]",-39.8
425,"[482.8659363, 211.876236]","[446.3000488, 213.169632]","[423.4930725, 241.3898926]",-49.03
426,"[491.5632324, 215.1734467]","[459.6170349, 211.3977051]","[433.5250244, 216.0636597]",-16.88
427,"[493.4877014, 222.8215637]","[464.7683105, 210.6091766]","[436.6612244, 212.2633667]",-26.4
428,"[494.9799194, 227.2848816]","[466.8209839, 215.2895966]","[440.0437012, 212.4300079]",-16.98
429,"[496.4923096, 233.3323212]","[471.0366516, 219.2728577]","[443.6753845, 212.9235382]",-15.85
430,"[491.7977905, 247.1147766]","[474.0308533, 225.2107544]","[446.8586121, 214.4944458]",-29.43
431,"[491.7467346, 255.4083099]","[471.7679138, 230.9236145]","[446.6825562, 214.6018219]",-17.74
432,"[495.7757263, 257.1220093]","[473.5328369, 238.8663788]","[447.8499451, 217.7090912]",0.1
433,"[490.1192017, 266.3565979]","[471.9594116, 239.5944061]","[445.6963501, 220.0380096]",-19.17
434,"[483.3981628, 272.8374023]","[466.0433044, 242.9500275]","[443.3618164, 221.1355286]",-15.97
435,"[501.5374756, 261.1638794]","[472.2052307, 249.5761566]","[447.3451538, 226.1352844]",21.76
436,"[504.2388611, 262.0999451]","[471.8314209, 248.1143799]","[447.6581421, 227.9668884]",16.47
437,"[511.8670349, 259.8172302]","[477.3395691, 249.4752502]","[449.8722229, 231.3487549]",16.75
438,"[516.8574829, 257.2136536]","[481.2504883, 250.5303497]","[451.7719421, 235.7797089]",15.95
439,"[524.5536499, 252.1497955]","[483.5699768, 252.812027]","[452.0507813, 241.1852264]",21.17
440,"[523.8675537, 237.7124023]","[492.1425171, 252.4797974]","[458.3216248, 246.611618]",34.8
441,"[521.1394043, 220.6644135]","[499.3990479, 246.0999756]","[465.2681885, 250.8720551]",41.52
442,"[515.2982788, 212.3900909]","[498.3925171, 242.0484467]","[468.9544067, 251.0864716]",43.25
443,"[514.0689697, 207.0820465]","[496.3329468, 239.1686096]","[466.4821472, 253.1062012]",36.04
444,"[512.7353516, 204.9821014]","[494.6093445, 236.3269501]","[467.7290649, 253.9884338]",26.65
445,"[514.7749023, 204.063446]","[492.3105774, 232.327179]","[467.6714783, 253.6833801]",10.6
446,"[517.7307739, 204.3454895]","[491.3070679, 228.5797119]","[467.8178406, 253.0926971]",-3.7
447,"[521.4082642, 206.655426]","[487.8923035, 226.1148224]","[466.3874207, 250.1820068]",-18.08
448,"[520.0605469, 202.3150635]","[486.8963013, 225.6390839]","[463.9026794, 246.6306]",-7.28
449,"[512.0198975, 197.1953735]","[491.5953674, 222.711792]","[465.5010376, 244.194046]",11.86
450,"[508.2236938, 197.2088318]","[490.9749756, 223.9639282]","[464.9339905, 243.742569]",19.97
451,"[501.1536865, 188.0371246]","[489.8617859, 219.0627594]","[465.5542603, 243.6869965]",24.63
452,"[501.86203, 188.0389099]","[485.8846741, 218.8699646]","[462.8207092, 244.1786652]",14.95
453,"[496.4776001, 185.0718536]","[487.5585022, 216.3882141]","[464.6003723, 243.4885406]",24.37
454,"[486.2948914, 183.951416]","[484.6933899, 213.4259796]","[466.2327271, 243.2575684]",28.64
455,"[471.0197449, 181.4033813]","[478.510437, 210.6964874]","[465.5076904, 242.6083221]",36.51
456,"[458.204071, 181.3860016]","[472.8043213, 207.4909821]","[463.8225098, 240.7774658]",44.32
457,"[441.319397, 181.5301361]","[460.492157, 203.6569672]","[461.0289307, 239.2353668]",40.04
458,"[435.4510803, 176.2212677]","[452.8623962, 199.3347321]","[456.3432922, 239.552124]",32.04
459,"[435.0341187, 174.5129395]","[444.9500427, 199.4718475]","[452.8104248, 239.5745697]",10.58
460,"[431.3414917, 170.4734497]","[438.6752014, 195.8862152]","[447.4091492, 233.2380524]",2.94
461,"[432.8977051, 155.1917877]","[434.5657043, 184.4618988]","[443.6166687, 226.1494598]",-8.99
462,"[427.4458618, 147.6127777]","[430.3773804, 178.1118011]","[438.3497314, 221.7766876]",-4.86
463,"[416.7957153, 143.9163361]","[430.1045532, 168.9725647]","[437.0261536, 214.7701111]",19.38
464,"[401.5887146, 148.1153259]","[421.0722351, 165.7896881]","[432.3311157, 205.595993]",31.99
465,"[383.8878479, 158.1495361]","[416.4032288, 171.275238]","[430.4390259, 209.6805725]",47.94
466,"[366.2792664, 173.4684448]","[408.3700562, 179.1300507]","[423.8021545, 209.84375]",55.66
467,"[346.5117188, 180.7914581]","[394.1229858, 179.5685425]","[416.5428772, 198.775116]",42.06
468,"[333.5029907, 196.4625702]","[370.895874, 180.3014679]","[403.3963623, 192.2407532]",43.55
469,"[314.7792969, 194.7351227]","[354.8945923, 188.6968384]","[386.7059631, 188.1668243]",7.61
470,"[298.9432983, 196.8466034]","[341.9951477, 191.1302948]","[375.5136108, 190.5488281]",6.57
471,"[288.0949707, 188.8034058]","[332.6678772, 194.6474915]","[368.717041, 194.7889557]",-7.24
472,"[274.7233887, 178.3832703]","[309.3357239, 191.969696]","[346.9753113, 196.0364075]",-15.27
473,"[261.916626, 167.2746124]","[293.4790344, 188.9465027]","[329.5527039, 195.9335175]",-23.51
474,"[261.1854248, 154.5691833]","[277.711731, 182.1570435]","[309.2471619, 194.7893372]",-37.25
475,"[263.3753052, 143.6477203]","[272.8890076, 177.4606934]","[301.5415039, 195.3525696]",-42.3
476,"[263.3561401, 136.9681702]","[265.5492859, 168.9125671]","[287.2451782, 193.5981903]",-37.38
477,"[264.1887817, 125.5679474]","[260.8516541, 158.2921295]","[277.0953674, 190.3798065]",-32.67
478,"[266.8887939, 114.6420517]","[258.4942322, 144.7575073]","[265.8768311, 181.6383972]",-26.9
479,"[270.9674683, 101.8565598]","[261.378479, 129.8829956]","[260.6568909, 168.1970978]",-17.81
480,"[274.9989319, 91.61915588]","[265.6419678, 118.7171631]","[257.8728638, 157.4492493]",-7.71
481,"[273.6246033, 77.96974182]","[270.9379272, 104.815239]","[258.5497742, 146.8145905]",10.72
482,"[269.8079529, 66.40039825]","[271.5859985, 95.31267548]","[260.1333618, 141.8947906]",17.33
483,"[267.2565002, 60.1023407]","[273.0568237, 88.77072906]","[263.5914001, 133.3852539]",23.42
484,"[261.1197815, 49.25573349]","[270.2832031, 80.90071869]","[265.5189819, 126.1356812]",22.16
485,"[260.7315063, 40.96428299]","[266.7854614, 70.08531189]","[266.0995178, 115.6483917]",12.61
486,"[256.0135803, 35.79642868]","[264.409729, 62.4685936]","[269.0697021, 103.5673599]",11.0
487,"[235.7495728, 43.04013062]","[255.4926147, 60.80891418]","[269.8815918, 84.94076538]",17.21
488,"[215.5506134, 46.0070343]","[249.3589935, 58.2731514]","[265.6610107, 86.00820923]",39.61
489,"[204.1956177, 41.17378998]","[235.4422607, 55.58926392]","[260.7064514, 76.78993988]",15.24
490,"[192.6589966, 40.75881195]","[227.2503967, 52.13880539]","[256.6158447, 75.79124451]",20.64
491,"[185.2512817, 44.66058731]","[220.3539276, 55.0570755]","[252.8904266, 73.06749725]",12.47
492,"[176.8811951, 55.32300568]","[214.2273254, 56.98264313]","[249.4160767, 73.77683258]",22.97
493,"[169.8288422, 71.4649353]","[203.2275391, 65.36998749]","[243.4994202, 72.86880493]",20.89
494,"[165.3605499, 76.41132355]","[203.9870911, 73.08442688]","[244.3395386, 79.81113434]",14.39
495,"[163.1115265, 80.67856598]","[204.4452515, 82.0763092]","[241.5211487, 86.74693298]",5.24
496,"[154.6510925, 80.99108124]","[207.6636658, 88.36502838]","[242.5029297, 96.20820618]",4.77
497,"[151.7817688, 80.89373779]","[199.2163391, 92.27304077]","[237.7267303, 101.3238373]",-0.26
498,"[156.7629242, 70.46513367]","[175.5679779, 91.10323334]","[206.8348236, 99.36637115]",-32.86
499,"[160.4424133, 66.48674011]","[179.460556, 89.96500397]","[208.0132599, 108.3898087]",-18.16
500,"[170.4285583, 59.48754501]","[180.4885712, 90.94779205]","[209.2046661, 113.857254]",-33.68
501,"[176.0032349, 55.26815033]","[182.1732635, 88.89228821]","[206.7645721, 115.7765121]",-32.05
502,"[190.7990265, 53.41251373]","[181.1172943, 85.18143463]","[201.4245605, 116.3451157]",-50.04
503,"[202.6282349, 48.62084961]","[189.9277191, 80.4861145]","[200.0207214, 115.3410187]",-37.88
504,"[211.4924316, 44.00357437]","[198.9187775, 75.88441467]","[201.3827057, 113.8189011]",-25.24
505,"[227.2897186, 46.37743378]","[206.0134277, 73.16605377]","[202.3877258, 111.0642242]",-32.99
506,"[244.5942993, 44.18970871]","[218.1221619, 69.27071381]","[206.6853027, 103.1938934]",-27.91
507,"[250.8000793, 32.2580986]","[235.842453, 65.07858276]","[217.7662201, 89.91342926]",11.55
508,"[255.0913849, 24.29130554]","[247.2872467, 58.05002594]","[227.9400787, 90.19820404]",18.02
509,"[256.5823059, 20.98560715]","[254.4288788, 53.39879608]","[235.0232239, 91.69566345]",23.07
510,"[253.0426025, 19.25670815]","[258.0565186, 50.26379013]","[244.1538544, 89.10697174]",28.88
511,"[246.8913879, 17.37919998]","[258.9290771, 45.96780014]","[252.4042816, 86.26771545]",32.03
512,"[236.7262726, 19.27945518]","[253.4856567, 41.32114792]","[257.4670715, 82.83039856]",31.77
513,"[227.592453, 22.50052452]","[249.3988647, 39.67991257]","[259.6575928, 75.16704559]",35.64
514,"[219.7246704, 27.45940781]","[245.6505737, 42.15898132]","[261.8320007, 76.18365479]",35.01
515,"[209.9473724, 36.97410583]","[242.4963226, 46.89498138]","[261.9933472, 74.64072418]",37.95
516,"[203.322998, 44.39826584]","[239.7789307, 50.66521835]","[261.6720581, 71.87649536]",34.34
517,"[199.0451813, 46.31693268]","[235.532074, 57.84300613]","[262.7305298, 76.77435303]",17.31
518,"[194.3529968, 44.22370911]","[228.6730194, 60.90579224]","[261.4865112, 82.13846588]",6.98
519,"[195.3322906, 46.02470398]","[227.6482849, 65.67220306]","[259.3778992, 85.25257111]",0.38
520,"[188.6219788, 49.3252182]","[222.7748566, 66.3374176]","[256.4751587, 88.33463287]",6.65
521,"[190.7774658, 47.57500076]","[225.8051605, 72.44284058]","[255.155777, 90.39681244]",-3.92
522,"[198.750946, 45.75174332]","[222.3272705, 72.38924408]","[252.1770325, 94.88494873]",-11.49
523,"[208.1195068, 37.37717438]","[216.8752747, 67.03691101]","[242.4549255, 93.46109009]",-27.62
524,"[219.3668671, 33.56858826]","[217.966156, 66.02257538]","[239.8585968, 97.32151031]",-37.44
525,"[229.2511292, 30.98826218]","[222.455658, 64.84872437]","[239.4571075, 101.306633]",-36.35
526,"[244.0114136, 35.77902222]","[227.2868195, 62.15616226]","[234.9914856, 100.791069]",-43.66
527,"[257.4942932, 43.54150009]","[229.6761322, 65.4574585]","[232.766098, 99.16506195]",-57.01
528,"[276.0651245, 46.49391556]","[241.3284149, 65.24117279]","[234.3253784, 97.13496399]",-49.26
529,"[285.4122009, 42.77057266]","[256.887207, 61.69849014]","[239.9166107, 88.09519958]",-23.7
530,"[296.2775879, 36.45702744]","[272.1017761, 58.39519882]","[253.3202667, 79.96998596]",-6.74
531,"[310.2555847, 42.7498436]","[277.4494019, 57.77409744]","[259.4256287, 77.3549118]",-22.76
532,"[319.9515381, 44.11988831]","[288.8049011, 57.41371155]","[266.9215088, 74.9079361]",-15.53
533,"[327.9776611, 44.0713501]","[296.6060791, 58.79265213]","[274.5829773, 76.67738342]",-13.94
534,"[339.6582947, 54.72514725]","[305.1925354, 60.24884796]","[282.0746155, 75.52046204]",-24.34
535,"[352.7749329, 52.52249908]","[320.2354431, 64.01751709]","[294.7997437, 76.68988037]",-7.03
536,"[356.2729492, 44.28932953]","[326.5172729, 69.31895447]","[294.4744568, 86.59313202]",11.74
537,"[361.440979, 38.31509018]","[338.428894, 68.65454865]","[304.2625732, 88.96482849]",22.09
538,"[364.5144043, 30.6428833]","[354.0488892, 63.61149979]","[321.5224304, 88.15317535]",35.35
539,"[365.64505, 26.99603653]","[358.9315796, 60.5141716]","[334.4311829, 87.76330566]",30.63
540,"[359.3086243, 24.44411659]","[363.467041, 59.63755798]","[345.2755432, 90.2028656]",37.5
541,"[351.5454407, 22.52660751]","[363.8096008, 56.9467659]","[350.9710083, 89.95200348]",40.87
542,"[351.8571167, 11.69063568]","[359.9295349, 44.50426865]","[357.6274109, 83.79343414]",17.17
543,"[351.9225159, 9.808773994]","[358.6705933, 37.19020844]","[359.6213684, 79.3237381]",12.55
544,"[359.1588745, 11.24382305]","[356.4093018, 40.0210762]","[359.732605, 80.66857147]",-10.13
545,"[354.9578857, 7.038288593]","[356.6808472, 36.83786392]","[360.2752991, 81.95815277]",-1.25
546,"[346.5553589, 13.53070831]","[356.0910645, 35.98245621]","[361.3259583, 80.58370972]",16.32
547,"[331.2415771, 19.81962967]","[349.7444763, 39.07022095]","[362.654541, 81.22837067]",26.84
548,"[314.9505615, 33.00962448]","[344.9637756, 48.23098755]","[360.5766602, 86.42884827]",40.88
549,"[300.7096252, 43.3178215]","[340.6477051, 52.69158554]","[359.7720947, 85.94081879]",46.88
550,"[291.3690796, 44.57547379]","[328.7536926, 58.2294426]","[357.2373352, 83.90834045]",21.97
551,"[283.9805908, 54.07248688]","[321.6341858, 61.34577942]","[352.3141174, 78.22027588]",17.88
552,"[276.2427063, 71.1448288]","[315.7545776, 69.04432678]","[348.0162964, 83.78491974]",27.6
553,"[260.791626, 74.40991974]","[303.8750916, 76.90762329]","[338.2972412, 83.57508087]",7.64
554,"[252.0726166, 75.88214874]","[297.5057068, 82.84796143]","[331.0059814, 87.40678406]",-0.97
555,"[244.9908142, 75.48714447]","[290.6488037, 87.42403412]","[325.8563538, 94.84707642]",-2.75
556,"[235.8488464, 83.45333862]","[285.7686157, 91.13349915]","[319.9126587, 99.21669006]",4.57
557,"[234.2964935, 87.25725555]","[261.3322144, 94.26262665]","[299.2434387, 101.9670258]",-3.04
558,"[234.0238495, 83.38885498]","[259.5847473, 98.24353027]","[287.6023865, 106.9734726]",-12.86
559,"[244.3773499, 61.60318756]","[254.8226318, 91.74733734]","[279.2371521, 107.6570206]",-37.8
560,"[252.0312195, 46.87171555]","[247.7610779, 81.48191071]","[269.8406372, 111.2525864]",-43.6
561,"[260.3826904, 42.12435532]","[248.4519653, 72.81221008]","[258.500824, 108.2516708]",-37.08
562,"[274.6678467, 39.26161575]","[253.2817383, 67.55380249]","[253.5506134, 102.9917221]",-37.52
563,"[275.2160339, 28.87916183]","[261.739624, 58.41202545]","[253.2884369, 93.94734955]",-11.15
564,"[283.8657227, 27.55875015]","[268.0230408, 54.86348343]","[256.532074, 84.74765778]",-9.09
565,"[288.7266846, 26.59977531]","[273.4646912, 52.84548569]","[260.8638916, 79.89243317]",-5.2
566,"[297.2951965, 23.45327759]","[280.4142456, 48.81656647]","[264.4850769, 77.24180603]",-4.38
567,"[311.4690552, 25.50152016]","[287.0754395, 46.08607101]","[270.5339966, 70.42147064]",-15.64
568,"[322.0577698, 24.94779778]","[295.4688416, 46.57541656]","[274.9769592, 69.9112854]",-9.59
569,"[325.9684143, 18.65843391]","[305.9924622, 50.10009003]","[279.1273193, 78.09087372]",11.4
570,"[336.3518677, 20.06317902]","[315.9176636, 46.61344528]","[290.9706116, 75.39345551]",3.34
571,"[344.3143311, 21.2808857]","[320.0060425, 46.23309326]","[295.3591919, 75.84512329]",-4.48
572,"[353.286377, 21.84512138]","[328.1192322, 50.00912094]","[305.2684937, 74.69810486]",1.0
573,"[361.5146484, 22.85045052]","[337.3811951, 48.51797485]","[312.9247437, 78.6516037]",-4.17
574,"[377.5723572, 42.13267899]","[344.9454041, 53.94610214]","[322.5148621, 74.09165192]",-22.02
575,"[393.2098999, 60.44726181]","[356.1154175, 65.52379608]","[328.6592102, 78.33665466]",-17.22
576,"[396.7911682, 65.37581635]","[363.2511292, 72.092453]","[335.8518677, 84.44018555]",-12.94
577,"[407.3060303, 81.69879913]","[371.0307312, 83.11175537]","[341.6919861, 90.53795624]",-11.97
578,"[409.4257202, 79.15661621]","[375.3211975, 90.4730072]","[346.2341003, 98.13056946]",3.61
579,"[415.7554626, 77.307724]","[385.2629395, 93.8300705]","[352.7420349, 106.8448334]",6.64
580,"[411.4963684, 67.12253571]","[390.3319092, 94.98814392]","[358.0977478, 111.6506424]",25.45
581,"[405.1345825, 57.724823]","[397.104126, 88.65478516]","[369.2099915, 115.7551117]",31.27
582,"[391.7226868, 50.26970673]","[397.286499, 84.57605743]","[376.7481995, 115.4715805]",42.83
583,"[377.4695435, 47.7406044]","[391.8297729, 77.4629364]","[386.6838074, 110.3166733]",34.69
584,"[368.9895325, 41.45172501]","[384.8277283, 69.34466553]","[387.0104675, 108.4239044]",26.39
585,"[355.3900757, 44.01242065]","[380.5717163, 64.37123871]","[387.8274536, 105.3512344]",41.0
586,"[343.8351746, 50.31559753]","[376.7248535, 66.73473358]","[386.7891846, 99.74624634]",46.52
587,"[335.2187805, 46.31054688]","[369.6437683, 66.61782074]","[384.8162842, 103.855896]",37.3
588,"[332.2776794, 34.41213226]","[355.2404175, 59.69115448]","[379.7003479, 88.90904236]",2.32
589,"[323.3282166, 30.71304512]","[351.4275208, 59.43253326]","[374.6352234, 85.9677887]",3.2
590,"[319.9819336, 36.06551361]","[346.4551392, 61.97910309]","[369.1534119, 87.97952271]",4.49
591,"[325.5688171, 30.19542313]","[338.6412964, 59.05160904]","[362.2424316, 85.61686707]",-17.25
592,"[333.9850769, 22.6176281]","[332.0392151, 55.36720276]","[353.6793213, 88.24259186]",-36.76
593,"[337.9891968, 23.6364975]","[333.0820618, 54.41386795]","[348.7196655, 90.28053284]",-32.62
594,"[346.5936584, 26.11515617]","[334.2170105, 53.50269318]","[342.9359131, 91.24292755]",-37.33
595,"[361.5797119, 28.69208908]","[339.1014099, 50.05131912]","[338.838562, 86.79171753]",-46.05
596,"[374.4909973, 33.11605835]","[343.2285461, 48.93740082]","[336.3589478, 78.24632263]",-49.97
597,"[385.227356, 37.89775085]","[352.8231506, 48.49434662]","[336.3401184, 76.79355621]",-41.67
598,"[393.4445496, 40.53608704]","[363.4429321, 49.85753632]","[340.5683899, 67.67661285]",-20.66
599,"[403.3243408, 36.78875732]","[376.0349731, 51.19531631]","[348.9940186, 61.05781937]",7.79
600,"[408.3084412, 33.19950867]","[384.1357727, 50.97179794]","[357.538269, 61.73270416]",14.3
601,"[412.3678894, 29.57426643]","[386.7991333, 53.93391418]","[356.8854065, 69.21337891]",16.56
602,"[419.4431458, 30.62619972]","[389.8531189, 55.76581573]","[358.6799622, 77.36104584]",5.64
603,"[415.9556885, 28.09789085]","[396.4971313, 57.96718597]","[359.8964844, 82.19979858]",23.41
604,"[411.1827698, 27.66276932]","[405.6803894, 58.95139694]","[379.3787537, 79.42357635]",42.13
605,"[401.4961548, 24.33862686]","[406.00177, 53.47910309]","[387.210022, 80.66980743]",43.44
606,"[394.6010437, 24.25807762]","[404.3855286, 52.52300644]","[389.34552, 83.669487]",44.87
607,"[383.7169189, 26.1540947]","[399.4615173, 53.95069122]","[390.6600952, 85.83242035]",44.96
608,"[372.2519836, 26.87429428]","[396.5238953, 53.68359756]","[391.5596619, 86.512146]",50.76
609,"[360.2049866, 32.70593262]","[389.6663513, 51.91040421]","[393.3111267, 84.55200958]",50.53
610,"[345.8410034, 29.15419579]","[378.8673706, 48.09505844]","[388.8892822, 81.1322403]",43.29
611,"[335.1412659, 32.64100647]","[370.3358154, 47.19281387]","[385.2539063, 79.84165955]",42.98
612,"[323.1811829, 43.6572113]","[364.8797913, 52.2379837]","[382.2922058, 81.20658875]",47.36
613,"[311.8439941, 50.98812485]","[361.0092468, 57.20037842]","[378.2046814, 90.81188202]",55.7
614,"[295.7667542, 49.92819214]","[333.3842773, 62.29232407]","[366.2556763, 80.76485443]",11.14
615,"[291.4309692, 46.38335037]","[323.3764343, 65.46920013]","[357.5632324, 82.58970642]",-4.25
616,"[286.5703735, 43.60109329]","[316.9038391, 66.53753662]","[347.0424805, 83.78656006]",-7.31
617,"[281.0851746, 42.81614304]","[314.687561, 65.07324219]","[341.8182983, 83.73100281]",1.0
618,"[279.7276611, 43.62808228]","[308.9039917, 66.02650452]","[337.1250916, 87.98851776]",0.38
619,"[287.044281, 34.78423691]","[302.6799622, 64.15719604]","[329.4934387, 89.73871613]",-18.32
620,"[289.6323242, 29.1071434]","[299.348114, 59.82548904]","[322.2007446, 92.42556763]",-17.48
621,"[292.1656189, 29.37457848]","[295.7618103, 61.24699783]","[316.520752, 93.51789856]",-26.31
622,"[306.9875183, 28.64640427]","[296.6828918, 55.44847488]","[308.7765503, 92.18704224]",-39.25
623,"[316.5106506, 26.45331192]","[299.6351624, 54.79118729]","[305.5375671, 94.27882385]",-39.28
624,"[322.3016968, 25.23927879]","[302.9467163, 53.15493011]","[303.2932129, 94.61961365]",-35.21
625,"[332.2791443, 26.99163246]","[307.1244812, 51.8261795]","[301.2479553, 86.33084869]",-35.7
626,"[334.7496033, 19.76124954]","[317.032959, 48.91675186]","[303.2910156, 80.31415558]",-7.65
627,"[338.9180603, 16.79537201]","[322.5676575, 44.61128616]","[305.9992981, 73.72821045]",-0.81
628,"[350.9601746, 26.58039474]","[325.0856323, 44.96750641]","[308.3106079, 71.44898224]",-22.25
629,"[357.8892212, 26.59419441]","[331.9961548, 46.28132248]","[312.715332, 67.64748383]",-10.69
630,"[359.2000427, 18.93714333]","[340.3010254, 48.3795166]","[316.9447327, 67.94524384]",17.35
631,"[353.364624, 11.67070675]","[348.7026367, 43.90281296]","[320.98703, 73.34458923]",35.04
632,"[350.0259094, 7.596143246]","[350.869751, 38.53598785]","[326.8973694, 76.42871094]",33.88
633,"[354.1546631, 5.659554958]","[351.4338684, 37.68105316]","[335.0409241, 74.07780457]",19.39
634,"[355.2251587, 2.858965874]","[352.5656738, 35.9752388]","[335.5812988, 74.79624176]",19.04
635,"[347.3692627, 3.024486542]","[354.5023193, 32.99430847]","[341.9508667, 71.52131653]",31.43
636,"[337.1222229, 6.683279991]","[351.2872925, 32.08809662]","[346.3852539, 70.03115082]",36.5
637,"[327.8577881, 5.657425404]","[345.7678223, 29.47159386]","[352.4989319, 66.65885925]",26.69
638,"[320.8695679, 4.490197659]","[341.5038147, 26.79265022]","[353.1486511, 66.98421478]",26.62
639,"[314.8244324, 4.635544777]","[333.0756836, 25.15813446]","[352.2372131, 64.56626892]",15.72
640,"[311.6092529, 3.794266701]","[327.891449, 26.1518631]","[351.5126648, 64.46572113]",4.41
641,"[301.8648987, 7.11889267]","[325.3614502, 26.61690331]","[351.1103821, 65.89938354]",17.07
642,"[295.5063171, 8.270689011]","[321.1237488, 29.22625542]","[347.2884827, 69.12134552]",17.46
643,"[297.6568298, 4.196472168]","[314.5097961, 29.62714386]","[342.1676941, 60.11268997]",-8.68
644,"[295.0484619, 2.745681763]","[310.8420105, 28.21345329]","[337.8483276, 61.7323494]",-7.05
645,"[291.4224548, 1.78995347]","[307.7412109, 27.07543755]","[330.0013733, 59.5416832]",-1.6
646,"[323.7035828, 1.148067236]","[304.7446289, 23.13301277]","[305.5080872, 66.10842133]",-41.79
647,"[338.7431641, 10.45347023]","[309.0484009, 28.13631439]","[304.5438232, 64.78277588]",-52.22
648,"[353.06073, 18.23238373]","[321.7817993, 27.41057205]","[304.5748291, 59.89382172]",-45.74
649,"[364.1919556, 13.4797802]","[333.4427795, 29.75388336]","[313.5427246, 48.60325241]",-15.56
650,"[369.0369873, 9.530864716]","[344.9422302, 33.01931381]","[320.1148987, 50.09998322]",9.74
651,"[376.6343689, 13.91256237]","[348.9151917, 36.80697632]","[323.3101196, 55.85111237]",2.91
652,"[387.1214294, 25.46533585]","[354.3699951, 37.25682068]","[329.3519592, 55.16880798]",-15.8
653,"[394.1619263, 27.43264008]","[364.8302917, 41.11805725]","[338.3557129, 53.59106827]",-0.21
654,"[393.5479736, 18.61270142]","[368.2423096, 45.96170807]","[337.7546082, 64.85250854]",15.44
655,"[396.804657, 21.10406685]","[370.4464111, 51.47300339]","[340.3361511, 70.63581848]",16.57
656,"[405.9807739, 33.22837448]","[375.3638306, 55.18068314]","[348.2199097, 76.69025421]",-2.75
657,"[413.4088745, 33.62524033]","[383.0224304, 56.26097107]","[354.1486816, 77.85160828]",-0.1
658,"[409.4323425, 23.99969101]","[389.6480408, 57.91897583]","[356.8680725, 80.19979858]",25.54
659,"[404.9721069, 19.06930733]","[399.5090027, 51.94019318]","[371.9768677, 81.32957458]",33.69
660,"[398.1434937, 17.55734825]","[399.2723694, 48.09139633]","[380.8729248, 80.97192383]",31.35
661,"[386.5965271, 17.09210205]","[398.3264771, 48.58369827]","[386.168335, 81.78366852]",40.54
662,"[376.4353943, 18.84305382]","[395.9305725, 48.43816376]","[388.083252, 83.77535248]",45.89
663,"[369.5661926, 16.95950317]","[391.7541809, 45.3508873]","[391.7582092, 83.84811401]",38.0
664,"[366.7685242, 16.42064476]","[384.7471008, 45.02881241]","[391.400116, 84.97768402]",22.69
665,"[367.9534302, 13.25495911]","[378.7789307, 43.2747879]","[391.3365784, 81.62371063]",1.7
666,"[362.6358948, 13.23743343]","[374.8385925, 43.99610138]","[389.8965149, 82.74753571]",0.4
667,"[366.760498, 7.598130226]","[370.482666, 43.02606964]","[383.0863953, 82.3367157]",-11.78
668,"[372.3052063, 10.26965141]","[367.7044067, 41.50889969]","[378.0986938, 80.947258]",-23.14
669,"[376.0075684, 8.718517303]","[367.344635, 41.46588898]","[373.5131836, 82.44307709]",-23.38
670,"[366.2530518, 5.733505249]","[370.6139221, 40.43100739]","[372.1133423, 83.60002899]",5.17
671,"[354.2041626, 11.12996864]","[367.8387146, 34.17650223]","[374.2006226, 77.53406525]",22.26
672,"[344.120575, 17.68230057]","[363.8049011, 39.17997742]","[372.8607788, 78.35549927]",29.46
673,"[339.6517944, 19.19984245]","[359.0163574, 39.17308807]","[372.9332886, 76.51792908]",23.68
674,"[335.7874146, 22.01376724]","[353.995697, 44.68939972]","[372.3977356, 82.61354828]",12.88
675,"[321.1860352, 38.18648529]","[351.3172913, 50.23907852]","[369.3368225, 81.10793304]",37.92
